Domaine,Contrôle,Statut
Client,Créer une demande en moins de quelques minutes,À tester
Client,Ajouter des photos,À tester
IA,Reformuler sans inventer de diagnostic,À tester
Matching,Afficher plusieurs professionnels,À tester
Devis,Comparer prix/délai/périmètre,À tester
Engagement,Afficher clairement les conditions acceptées,À tester
Intervention,Mettre à jour les statuts,À tester
Preuves,Conserver avant/après et validation,À tester
Litiges,Permettre de signaler un problème,À tester
Réputation,Publier un avis après prestation,À tester
Sécurité,Journaliser les actions sensibles,À tester
Paiement,Ne pas activer de flux réel avant validation PSP/juridique,Bloqué avant production
