Domaine,Point,Statut,Commentaire
"Technique","HTTPS","À faire",""
"Technique","Secrets hors du code","À faire",""
"Technique","Sauvegarde DB + test restauration","À faire",""
"Technique","Stockage privé photos/KYC","À faire",""
"Sécurité","MFA administrateurs","À faire",""
"Sécurité","Rate limiting / anti-abus","À faire",""
"Sécurité","Revue permissions","À faire",""
"Paiement","Compte marchand production","À faire",""
"Paiement","Webhooks signés + idempotence","À faire",""
"Paiement","Remboursement réel","À faire",""
"Juridique","CGU / contrats validés","À faire",""
"Juridique","Politique confidentialité","À faire",""
"Produit","Pilote 20–50 professionnels","À faire",""
"Produit","Premières transactions réelles","À faire",""
"Produit","Mesure incidents / satisfaction","À faire",""
